candidate_name,i1,i2,i3,i4,o1,o2,candidate_efficiency,candidate_efficient,SZZ_efficiency,LCJ_efficiency,KAT_efficiency,boundary_flag
RZE_cand_9518,0.3,6.0,11.3,1.4,0.3,2.5,1.0,True,1.0,0.84,1.0,True
RZE_cand_9580,0.3,6.0,11.3,1.6,0.3,2.5,1.0,True,1.0,0.84,1.0,True
RZE_cand_9673,0.3,6.0,11.3,1.9,0.3,2.5,1.0,True,1.0,0.84,1.0,True
RZE_cand_9704,0.3,6.0,11.3,2.0,0.3,2.5,1.0,True,1.0,0.8500365764,1.0,True
RZE_cand_9735,0.3,6.0,11.3,2.1,0.3,2.5,1.0,True,1.0,0.8683666437,1.0,True
RZE_cand_9766,0.3,6.0,11.3,2.2,0.3,2.5,1.0,True,1.0,0.8846905537,1.0,True
RZE_cand_9797,0.3,6.0,11.3,2.3,0.3,2.5,1.0,True,1.0,0.8993205683,1.0,True
RZE_cand_9828,0.3,6.0,11.3,2.4,0.3,2.5,1.0,True,1.0,0.91250734,1.0,True
RZE_cand_9859,0.3,6.0,11.3,2.5,0.3,2.5,1.0,True,1.0,0.9244543928,1.0,True
RZE_cand_9860,0.3,6.0,11.3,2.5,0.3,2.7,1.0,True,1.0,0.8726888537,1.0,True
RZE_cand_9861,0.3,6.0,11.3,2.5,0.3,2.9,1.0,True,1.0,0.8264132066,1.0,True
RZE_cand_9890,0.3,6.0,11.3,2.6,0.3,2.5,1.0,True,1.0,0.9353287012,1.0,True
RZE_cand_9921,0.3,6.0,11.3,2.7,0.3,2.5,1.0,True,1.0,0.9452685422,1.0,True
RZE_cand_9952,0.3,6.0,11.3,2.8,0.3,2.5,1.0,True,1.0,0.9543894066,1.0,True
RZE_cand_9983,0.3,6.0,11.3,2.9,0.3,2.5,1.0,True,1.0,0.9627885068,1.0,True
RZE_cand_10014,0.3,6.0,11.3,3.0,0.3,2.5,1.0,True,1.0,0.9705482556,1.0,True
RZE_cand_10015,0.3,6.0,11.3,3.0,0.3,2.7,1.0,True,1.0,0.9260700389,1.0,True
RZE_cand_10016,0.3,6.0,11.3,3.0,0.3,2.9,1.0,True,1.0,0.8854898718,1.0,True
RZE_cand_10045,0.3,6.0,11.3,3.1,0.3,2.5,1.0,True,1.0,0.9777389786,1.0,True
RZE_cand_10046,0.3,6.0,11.3,3.1,0.3,2.7,1.0,True,1.0,0.9345014602,1.0,True
RZE_cand_10047,0.3,6.0,11.3,3.1,0.3,2.9,1.0,True,1.0,0.8949260887,1.0,True
RZE_cand_10262,0.4,6.0,11.3,1.3,0.3,2.5,1.0,True,1.0,1.0,1.0,True
RZE_cand_10263,0.4,6.0,11.3,1.3,0.3,2.7,1.0,True,1.0,1.0,1.0,True
RZE_cand_10293,0.4,6.0,11.3,1.4,0.3,2.5,1.0,True,1.0,1.0,1.0,True
RZE_cand_10294,0.4,6.0,11.3,1.4,0.3,2.7,1.0,True,1.0,1.0,1.0,True
RZE_cand_10295,0.4,6.0,11.3,1.4,0.3,2.9,1.0,True,1.0,0.9655172414,1.0,True
RZE_cand_10324,0.4,6.0,11.3,1.5,0.3,2.5,1.0,True,1.0,1.0,1.0,True
RZE_cand_10325,0.4,6.0,11.3,1.5,0.3,2.7,1.0,True,1.0,1.0,1.0,True
RZE_cand_10326,0.4,6.0,11.3,1.5,0.3,2.9,1.0,True,1.0,0.9655172414,1.0,True
RZE_cand_10355,0.4,6.0,11.3,1.6,0.3,2.5,1.0,True,1.0,1.0,1.0,True
RZE_cand_10356,0.4,6.0,11.3,1.6,0.3,2.7,1.0,True,1.0,1.0,1.0,True
RZE_cand_10357,0.4,6.0,11.3,1.6,0.3,2.9,1.0,True,1.0,0.9655172414,1.0,True
RZE_cand_10358,0.4,6.0,11.3,1.6,0.3,3.1,1.0,True,1.0,0.9032258065,1.0,True
RZE_cand_10386,0.4,6.0,11.3,1.7,0.3,2.5,1.0,True,1.0,1.0,1.0,True
RZE_cand_10387,0.4,6.0,11.3,1.7,0.3,2.7,1.0,True,1.0,1.0,1.0,True
RZE_cand_10388,0.4,6.0,11.3,1.7,0.3,2.9,1.0,True,1.0,0.9655172414,1.0,True
RZE_cand_10389,0.4,6.0,11.3,1.7,0.3,3.1,1.0,True,1.0,0.9032258065,1.0,True
RZE_cand_10390,0.4,6.0,11.3,1.7,0.3,3.3,1.0,True,1.0,0.8484848485,1.0,True
RZE_cand_10417,0.4,6.0,11.3,1.8,0.3,2.5,1.0,True,1.0,1.0,1.0,True
RZE_cand_10418,0.4,6.0,11.3,1.8,0.3,2.7,1.0,True,1.0,1.0,1.0,True
RZE_cand_10419,0.4,6.0,11.3,1.8,0.3,2.9,1.0,True,1.0,0.9655172414,1.0,True
RZE_cand_10420,0.4,6.0,11.3,1.8,0.3,3.1,1.0,True,1.0,0.9032258065,1.0,True
RZE_cand_10421,0.4,6.0,11.3,1.8,0.3,3.3,1.0,True,1.0,0.8484848485,1.0,True
RZE_cand_10422,0.4,6.0,11.3,1.8,0.3,3.5,1.0,True,1.0,0.8,1.0,True
RZE_cand_10448,0.4,6.0,11.3,1.9,0.3,2.5,1.0,True,1.0,1.0,1.0,True
RZE_cand_10449,0.4,6.0,11.3,1.9,0.3,2.7,1.0,True,1.0,1.0,1.0,True
RZE_cand_10450,0.4,6.0,11.3,1.9,0.3,2.9,1.0,True,1.0,0.9655172414,1.0,True
RZE_cand_10451,0.4,6.0,11.3,1.9,0.3,3.1,1.0,True,1.0,0.9032258065,1.0,True
RZE_cand_10452,0.4,6.0,11.3,1.9,0.3,3.3,1.0,True,1.0,0.8484848485,1.0,True
RZE_cand_10453,0.4,6.0,11.3,1.9,0.3,3.5,1.0,True,1.0,0.8,1.0,True
RZE_cand_10479,0.4,6.0,11.3,2.0,0.3,2.5,1.0,True,1.0,1.0,1.0,True
RZE_cand_10480,0.4,6.0,11.3,2.0,0.3,2.7,1.0,True,1.0,1.0,1.0,True
RZE_cand_10481,0.4,6.0,11.3,2.0,0.3,2.9,1.0,True,1.0,0.9655172414,1.0,True
RZE_cand_10482,0.4,6.0,11.3,2.0,0.3,3.1,1.0,True,1.0,0.9032258065,1.0,True
RZE_cand_10483,0.4,6.0,11.3,2.0,0.3,3.3,1.0,True,1.0,0.8484848485,1.0,True
RZE_cand_10484,0.4,6.0,11.3,2.0,0.3,3.5,1.0,True,1.0,0.8,1.0,True
RZE_cand_10510,0.4,6.0,11.3,2.1,0.3,2.5,1.0,True,1.0,1.0,1.0,True
RZE_cand_10511,0.4,6.0,11.3,2.1,0.3,2.7,1.0,True,1.0,1.0,1.0,True
RZE_cand_10512,0.4,6.0,11.3,2.1,0.3,2.9,1.0,True,1.0,0.9655172414,1.0,True
RZE_cand_10513,0.4,6.0,11.3,2.1,0.3,3.1,1.0,True,1.0,0.9032258065,1.0,True
RZE_cand_10514,0.4,6.0,11.3,2.1,0.3,3.3,1.0,True,1.0,0.8484848485,1.0,True
RZE_cand_10515,0.4,6.0,11.3,2.1,0.3,3.5,1.0,True,1.0,0.8,1.0,True
RZE_cand_10541,0.4,6.0,11.3,2.2,0.3,2.5,1.0,True,1.0,1.0,1.0,True
RZE_cand_10542,0.4,6.0,11.3,2.2,0.3,2.7,1.0,True,1.0,1.0,1.0,True
RZE_cand_10543,0.4,6.0,11.3,2.2,0.3,2.9,1.0,True,1.0,0.9655172414,1.0,True
RZE_cand_10544,0.4,6.0,11.3,2.2,0.3,3.1,1.0,True,1.0,0.9032258065,1.0,True
RZE_cand_10545,0.4,6.0,11.3,2.2,0.3,3.3,1.0,True,1.0,0.8484848485,1.0,True
RZE_cand_10546,0.4,6.0,11.3,2.2,0.3,3.5,1.0,True,1.0,0.8,1.0,True
RZE_cand_10572,0.4,6.0,11.3,2.3,0.3,2.5,1.0,True,1.0,1.0,1.0,True
RZE_cand_10573,0.4,6.0,11.3,2.3,0.3,2.7,1.0,True,1.0,1.0,1.0,True
RZE_cand_10574,0.4,6.0,11.3,2.3,0.3,2.9,1.0,True,1.0,0.9655172414,1.0,True
RZE_cand_10575,0.4,6.0,11.3,2.3,0.3,3.1,1.0,True,1.0,0.9032258065,1.0,True
RZE_cand_10576,0.4,6.0,11.3,2.3,0.3,3.3,1.0,True,1.0,0.8484848485,1.0,True
RZE_cand_10577,0.4,6.0,11.3,2.3,0.3,3.5,1.0,True,1.0,0.8,1.0,True
RZE_cand_10603,0.4,6.0,11.3,2.4,0.3,2.5,1.0,True,1.0,1.0,1.0,True
RZE_cand_10604,0.4,6.0,11.3,2.4,0.3,2.7,1.0,True,1.0,1.0,1.0,True
RZE_cand_10605,0.4,6.0,11.3,2.4,0.3,2.9,1.0,True,1.0,0.9655172414,1.0,True
RZE_cand_10606,0.4,6.0,11.3,2.4,0.3,3.1,1.0,True,1.0,0.9032258065,1.0,True
RZE_cand_10607,0.4,6.0,11.3,2.4,0.3,3.3,1.0,True,1.0,0.8484848485,1.0,True
RZE_cand_10608,0.4,6.0,11.3,2.4,0.3,3.5,1.0,True,1.0,0.8,1.0,True
RZE_cand_10634,0.4,6.0,11.3,2.5,0.3,2.5,1.0,True,1.0,1.0,1.0,True
RZE_cand_10635,0.4,6.0,11.3,2.5,0.3,2.7,1.0,True,1.0,1.0,1.0,True
RZE_cand_10636,0.4,6.0,11.3,2.5,0.3,2.9,1.0,True,1.0,0.9655172414,1.0,True
RZE_cand_10637,0.4,6.0,11.3,2.5,0.3,3.1,1.0,True,1.0,0.9032258065,1.0,True
RZE_cand_10638,0.4,6.0,11.3,2.5,0.3,3.3,1.0,True,1.0,0.8484848485,1.0,True
RZE_cand_10639,0.4,6.0,11.3,2.5,0.3,3.5,1.0,True,1.0,0.8,1.0,True
RZE_cand_10665,0.4,6.0,11.3,2.6,0.3,2.5,1.0,True,1.0,1.0,1.0,True
RZE_cand_10666,0.4,6.0,11.3,2.6,0.3,2.7,1.0,True,1.0,1.0,1.0,True
RZE_cand_10667,0.4,6.0,11.3,2.6,0.3,2.9,1.0,True,1.0,0.9655172414,1.0,True
RZE_cand_10668,0.4,6.0,11.3,2.6,0.3,3.1,1.0,True,1.0,0.9032258065,1.0,True
RZE_cand_10669,0.4,6.0,11.3,2.6,0.3,3.3,1.0,True,1.0,0.8484848485,1.0,True
RZE_cand_10670,0.4,6.0,11.3,2.6,0.3,3.5,1.0,True,1.0,0.8,1.0,True
RZE_cand_10696,0.4,6.0,11.3,2.7,0.3,2.5,1.0,True,1.0,1.0,1.0,True
RZE_cand_10697,0.4,6.0,11.3,2.7,0.3,2.7,1.0,True,1.0,1.0,1.0,True
RZE_cand_10698,0.4,6.0,11.3,2.7,0.3,2.9,1.0,True,1.0,0.9759407773,1.0,True
RZE_cand_10699,0.4,6.0,11.3,2.7,0.3,3.1,1.0,True,1.0,0.9160393746,1.0,True
RZE_cand_10700,0.4,6.0,11.3,2.7,0.3,3.3,1.0,True,1.0,0.863066012,1.0,True
RZE_cand_10701,0.4,6.0,11.3,2.7,0.3,3.5,1.0,True,1.0,0.8158844765,1.0,True
RZE_cand_10727,0.4,6.0,11.3,2.8,0.3,2.5,1.0,True,1.0,1.0,1.0,True
RZE_cand_10728,0.4,6.0,11.3,2.8,0.3,2.7,1.0,True,1.0,1.0,1.0,True
RZE_cand_10729,0.4,6.0,11.3,2.8,0.3,2.9,1.0,True,1.0,0.9853372434,1.0,True
RZE_cand_10730,0.4,6.0,11.3,2.8,0.3,3.1,1.0,True,1.0,0.9276642739,1.0,True
RZE_cand_10731,0.4,6.0,11.3,2.8,0.3,3.3,1.0,True,1.0,0.8763693271,1.0,True
RZE_cand_10732,0.4,6.0,11.3,2.8,0.3,3.5,1.0,True,1.0,0.830449827,1.0,True
RZE_cand_10758,0.4,6.0,11.3,2.9,0.3,2.5,1.0,True,1.0,1.0,1.0,True
RZE_cand_10759,0.4,6.0,11.3,2.9,0.3,2.7,1.0,True,1.0,1.0,1.0,True
RZE_cand_10760,0.4,6.0,11.3,2.9,0.3,2.9,1.0,True,1.0,0.9938513136,1.0,True
RZE_cand_10761,0.4,6.0,11.3,2.9,0.3,3.1,1.0,True,1.0,0.9382585752,1.0,True
RZE_cand_10762,0.4,6.0,11.3,2.9,0.3,3.3,1.0,True,1.0,0.8885557221,1.0,True
RZE_cand_10763,0.4,6.0,11.3,2.9,0.3,3.5,1.0,True,1.0,0.8438538206,1.0,True
RZE_cand_10789,0.4,6.0,11.3,3.0,0.3,2.5,1.0,True,1.0,1.0,1.0,True
RZE_cand_10790,0.4,6.0,11.3,3.0,0.3,2.7,1.0,True,1.0,1.0,1.0,True
RZE_cand_10791,0.4,6.0,11.3,3.0,0.3,2.9,1.0,True,1.0,1.0,1.0,True
RZE_cand_10792,0.4,6.0,11.3,3.0,0.3,3.1,1.0,True,1.0,0.9479535119,1.0,True
RZE_cand_10793,0.4,6.0,11.3,3.0,0.3,3.3,1.0,True,1.0,0.8997601918,1.0,True
RZE_cand_10794,0.4,6.0,11.3,3.0,0.3,3.5,1.0,True,1.0,0.8562300319,1.0,True
RZE_cand_10820,0.4,6.0,11.3,3.1,0.3,2.5,1.0,True,1.0,1.0,1.0,True
RZE_cand_10821,0.4,6.0,11.3,3.1,0.3,2.7,1.0,True,1.0,1.0,1.0,True
RZE_cand_10822,0.4,6.0,11.3,3.1,0.3,2.9,1.0,True,1.0,1.0,1.0,True
RZE_cand_10823,0.4,6.0,11.3,3.1,0.3,3.1,1.0,True,1.0,0.9568589433,1.0,True
RZE_cand_10824,0.4,6.0,11.3,3.1,0.3,3.3,1.0,True,1.0,0.9100968188,1.0,True
RZE_cand_10825,0.4,6.0,11.3,3.1,0.3,3.5,1.0,True,1.0,0.8676923077,1.0,True
RZE_cand_11006,0.5,6.0,11.3,1.2,0.3,2.5,1.0,True,1.0,1.0,1.0,True
RZE_cand_11037,0.5,6.0,11.3,1.3,0.3,2.5,1.0,True,1.0,1.0,1.0,True
RZE_cand_11038,0.5,6.0,11.3,1.3,0.3,2.7,1.0,True,1.0,1.0,1.0,True
RZE_cand_11039,0.5,6.0,11.3,1.3,0.3,2.9,1.0,True,1.0,1.0,1.0,True
RZE_cand_11068,0.5,6.0,11.3,1.4,0.3,2.5,0.9375,False,1.0,1.0,1.0,True
RZE_cand_11069,0.5,6.0,11.3,1.4,0.3,2.7,0.9542857143,False,1.0,1.0,1.0,True
RZE_cand_11070,0.5,6.0,11.3,1.4,0.3,2.9,1.0,True,1.0,1.0,1.0,True
RZE_cand_11099,0.5,6.0,11.3,1.5,0.3,2.5,0.9,False,1.0,1.0,1.0,True
RZE_cand_11100,0.5,6.0,11.3,1.5,0.3,2.7,0.916173913,False,1.0,1.0,1.0,True
RZE_cand_11101,0.5,6.0,11.3,1.5,0.3,2.9,0.9783652174,False,1.0,1.0,1.0,True
RZE_cand_11102,0.5,6.0,11.3,1.5,0.3,3.1,1.0,True,1.0,1.0,1.0,True
RZE_cand_11130,0.5,6.0,11.3,1.6,0.3,2.5,0.9,False,1.0,1.0,1.0,True
RZE_cand_11131,0.5,6.0,11.3,1.6,0.3,2.7,0.912,False,1.0,1.0,1.0,True
RZE_cand_11132,0.5,6.0,11.3,1.6,0.3,2.9,0.9699310345,False,1.0,1.0,1.0,True
RZE_cand_11133,0.5,6.0,11.3,1.6,0.3,3.1,1.0,True,1.0,1.0,1.0,True
RZE_cand_11134,0.5,6.0,11.3,1.6,0.3,3.3,1.0,True,1.0,1.0,1.0,True
RZE_cand_11161,0.5,6.0,11.3,1.7,0.3,2.5,0.9,False,1.0,1.0,1.0,True
RZE_cand_11162,0.5,6.0,11.3,1.7,0.3,2.7,0.912,False,1.0,1.0,1.0,True
RZE_cand_11163,0.5,6.0,11.3,1.7,0.3,2.9,0.9616410256,False,1.0,1.0,1.0,True
RZE_cand_11164,0.5,6.0,11.3,1.7,0.3,3.1,1.0,True,1.0,1.0,1.0,True
RZE_cand_11165,0.5,6.0,11.3,1.7,0.3,3.3,1.0,True,1.0,1.0,1.0,True
RZE_cand_11166,0.5,6.0,11.3,1.7,0.3,3.5,1.0,True,1.0,1.0,1.0,True
RZE_cand_11192,0.5,6.0,11.3,1.8,0.3,2.5,0.9,False,1.0,1.0,1.0,True
RZE_cand_11193,0.5,6.0,11.3,1.8,0.3,2.7,0.912,False,1.0,1.0,1.0,True
RZE_cand_11194,0.5,6.0,11.3,1.8,0.3,2.9,0.9534915254,False,1.0,1.0,1.0,True
RZE_cand_11195,0.5,6.0,11.3,1.8,0.3,3.1,1.0,True,1.0,1.0,1.0,True
RZE_cand_11196,0.5,6.0,11.3,1.8,0.3,3.3,1.0,True,1.0,1.0,1.0,True
RZE_cand_11197,0.5,6.0,11.3,1.8,0.3,3.5,1.0,True,1.0,1.0,1.0,True
RZE_cand_11223,0.5,6.0,11.3,1.9,0.3,2.5,0.9,False,1.0,1.0,1.0,True
RZE_cand_11224,0.5,6.0,11.3,1.9,0.3,2.7,0.912,False,1.0,1.0,1.0,True
RZE_cand_11225,0.5,6.0,11.3,1.9,0.3,2.9,0.9504,False,1.0,1.0,1.0,True
RZE_cand_11226,0.5,6.0,11.3,1.9,0.3,3.1,1.0,True,1.0,1.0,1.0,True
RZE_cand_11227,0.5,6.0,11.3,1.9,0.3,3.3,1.0,True,1.0,1.0,1.0,True
RZE_cand_11228,0.5,6.0,11.3,1.9,0.3,3.5,1.0,True,1.0,1.0,1.0,True
RZE_cand_11229,0.5,6.0,11.3,1.9,0.3,3.7,1.0,True,1.0,0.9459459459,1.0,True
RZE_cand_11254,0.5,6.0,11.3,2.0,0.3,2.5,0.9,False,1.0,1.0,1.0,True
RZE_cand_11255,0.5,6.0,11.3,2.0,0.3,2.7,0.912,False,1.0,1.0,1.0,True
RZE_cand_11256,0.5,6.0,11.3,2.0,0.3,2.9,0.9504,False,1.0,1.0,1.0,True
RZE_cand_11257,0.5,6.0,11.3,2.0,0.3,3.1,1.0,True,1.0,1.0,1.0,True
RZE_cand_11258,0.5,6.0,11.3,2.0,0.3,3.3,1.0,True,1.0,1.0,1.0,True
RZE_cand_11259,0.5,6.0,11.3,2.0,0.3,3.5,1.0,True,1.0,1.0,1.0,True
RZE_cand_11260,0.5,6.0,11.3,2.0,0.3,3.7,1.0,True,1.0,0.9459459459,1.0,True
RZE_cand_11285,0.5,6.0,11.3,2.1,0.3,2.5,0.9,False,1.0,1.0,1.0,True
RZE_cand_11286,0.5,6.0,11.3,2.1,0.3,2.7,0.912,False,1.0,1.0,1.0,True
RZE_cand_11287,0.5,6.0,11.3,2.1,0.3,2.9,0.9504,False,1.0,1.0,1.0,True
RZE_cand_11288,0.5,6.0,11.3,2.1,0.3,3.1,1.0,True,1.0,1.0,1.0,True
RZE_cand_11289,0.5,6.0,11.3,2.1,0.3,3.3,1.0,True,1.0,1.0,1.0,True
RZE_cand_11290,0.5,6.0,11.3,2.1,0.3,3.5,1.0,True,1.0,1.0,1.0,True
RZE_cand_11291,0.5,6.0,11.3,2.1,0.3,3.7,1.0,True,1.0,0.9459459459,1.0,True
RZE_cand_11316,0.5,6.0,11.3,2.2,0.3,2.5,0.9,False,1.0,1.0,1.0,True
RZE_cand_11317,0.5,6.0,11.3,2.2,0.3,2.7,0.912,False,1.0,1.0,1.0,True
RZE_cand_11318,0.5,6.0,11.3,2.2,0.3,2.9,0.9504,False,1.0,1.0,1.0,True
RZE_cand_11319,0.5,6.0,11.3,2.2,0.3,3.1,1.0,True,1.0,1.0,1.0,True
RZE_cand_11320,0.5,6.0,11.3,2.2,0.3,3.3,1.0,True,1.0,1.0,1.0,True
RZE_cand_11321,0.5,6.0,11.3,2.2,0.3,3.5,1.0,True,1.0,1.0,1.0,True
RZE_cand_11322,0.5,6.0,11.3,2.2,0.3,3.7,1.0,True,1.0,0.9459459459,1.0,True
RZE_cand_11347,0.5,6.0,11.3,2.3,0.3,2.5,0.9,False,1.0,1.0,1.0,True
RZE_cand_11348,0.5,6.0,11.3,2.3,0.3,2.7,0.912,False,1.0,1.0,1.0,True
RZE_cand_11349,0.5,6.0,11.3,2.3,0.3,2.9,0.9504,False,1.0,1.0,1.0,True
RZE_cand_11350,0.5,6.0,11.3,2.3,0.3,3.1,1.0,True,1.0,1.0,1.0,True
RZE_cand_11351,0.5,6.0,11.3,2.3,0.3,3.3,1.0,True,1.0,1.0,1.0,True
RZE_cand_11352,0.5,6.0,11.3,2.3,0.3,3.5,1.0,True,1.0,1.0,1.0,True
RZE_cand_11353,0.5,6.0,11.3,2.3,0.3,3.7,1.0,True,1.0,0.9459459459,1.0,True
RZE_cand_11378,0.5,6.0,11.3,2.4,0.3,2.5,0.9,False,1.0,1.0,1.0,True
RZE_cand_11379,0.5,6.0,11.3,2.4,0.3,2.7,0.912,False,1.0,1.0,1.0,True
RZE_cand_11380,0.5,6.0,11.3,2.4,0.3,2.9,0.9504,False,1.0,1.0,1.0,True
RZE_cand_11381,0.5,6.0,11.3,2.4,0.3,3.1,1.0,True,1.0,1.0,1.0,True
RZE_cand_11382,0.5,6.0,11.3,2.4,0.3,3.3,1.0,True,1.0,1.0,1.0,True
RZE_cand_11383,0.5,6.0,11.3,2.4,0.3,3.5,1.0,True,1.0,1.0,1.0,True
RZE_cand_11384,0.5,6.0,11.3,2.4,0.3,3.7,1.0,True,1.0,0.9459459459,1.0,True
RZE_cand_11409,0.5,6.0,11.3,2.5,0.3,2.5,0.9,False,1.0,1.0,1.0,True
RZE_cand_11410,0.5,6.0,11.3,2.5,0.3,2.7,0.912,False,1.0,1.0,1.0,True
RZE_cand_11411,0.5,6.0,11.3,2.5,0.3,2.9,0.9504,False,1.0,1.0,1.0,True
RZE_cand_11412,0.5,6.0,11.3,2.5,0.3,3.1,1.0,True,1.0,1.0,1.0,True
RZE_cand_11413,0.5,6.0,11.3,2.5,0.3,3.3,1.0,True,1.0,1.0,1.0,True
RZE_cand_11414,0.5,6.0,11.3,2.5,0.3,3.5,1.0,True,1.0,1.0,1.0,True
RZE_cand_11415,0.5,6.0,11.3,2.5,0.3,3.7,1.0,True,1.0,0.9459459459,1.0,True
RZE_cand_11416,0.5,6.0,11.3,2.5,0.3,3.9,1.0,True,1.0,0.8974358974,1.0,True
RZE_cand_11440,0.5,6.0,11.3,2.6,0.3,2.5,0.9,False,1.0,1.0,1.0,True
RZE_cand_11441,0.5,6.0,11.3,2.6,0.3,2.7,0.912,False,1.0,1.0,1.0,True
RZE_cand_11442,0.5,6.0,11.3,2.6,0.3,2.9,0.9504,False,1.0,1.0,1.0,True
RZE_cand_11443,0.5,6.0,11.3,2.6,0.3,3.1,1.0,True,1.0,1.0,1.0,True
RZE_cand_11444,0.5,6.0,11.3,2.6,0.3,3.3,1.0,True,1.0,1.0,1.0,True
RZE_cand_11445,0.5,6.0,11.3,2.6,0.3,3.5,1.0,True,1.0,1.0,1.0,True
RZE_cand_11446,0.5,6.0,11.3,2.6,0.3,3.7,1.0,True,1.0,0.9459459459,1.0,True
RZE_cand_11471,0.5,6.0,11.3,2.7,0.3,2.5,0.9,False,1.0,1.0,1.0,True
RZE_cand_11472,0.5,6.0,11.3,2.7,0.3,2.7,0.912,False,1.0,1.0,1.0,True
RZE_cand_11473,0.5,6.0,11.3,2.7,0.3,2.9,0.9504,False,1.0,1.0,1.0,True
RZE_cand_11474,0.5,6.0,11.3,2.7,0.3,3.1,1.0,True,1.0,1.0,1.0,True
RZE_cand_11475,0.5,6.0,11.3,2.7,0.3,3.3,1.0,True,1.0,1.0,1.0,True
RZE_cand_11476,0.5,6.0,11.3,2.7,0.3,3.5,1.0,True,1.0,1.0,1.0,True
RZE_cand_11477,0.5,6.0,11.3,2.7,0.3,3.7,1.0,True,1.0,0.9459459459,1.0,True
RZE_cand_11502,0.5,6.0,11.3,2.8,0.3,2.5,0.9,False,1.0,1.0,1.0,True
RZE_cand_11503,0.5,6.0,11.3,2.8,0.3,2.7,0.912,False,1.0,1.0,1.0,True
RZE_cand_11504,0.5,6.0,11.3,2.8,0.3,2.9,0.9504,False,1.0,1.0,1.0,True
RZE_cand_11505,0.5,6.0,11.3,2.8,0.3,3.1,1.0,True,1.0,1.0,1.0,True
RZE_cand_11506,0.5,6.0,11.3,2.8,0.3,3.3,1.0,True,1.0,1.0,1.0,True
RZE_cand_11507,0.5,6.0,11.3,2.8,0.3,3.5,1.0,True,1.0,1.0,1.0,True
RZE_cand_11508,0.5,6.0,11.3,2.8,0.3,3.7,1.0,True,1.0,0.9459459459,1.0,True
RZE_cand_11533,0.5,6.0,11.3,2.9,0.3,2.5,0.9,False,1.0,1.0,1.0,True
RZE_cand_11534,0.5,6.0,11.3,2.9,0.3,2.7,0.912,False,1.0,1.0,1.0,True
RZE_cand_11535,0.5,6.0,11.3,2.9,0.3,2.9,0.9504,False,1.0,1.0,1.0,True
RZE_cand_11536,0.5,6.0,11.3,2.9,0.3,3.1,1.0,True,1.0,1.0,1.0,True
RZE_cand_11537,0.5,6.0,11.3,2.9,0.3,3.3,1.0,True,1.0,1.0,1.0,True
RZE_cand_11538,0.5,6.0,11.3,2.9,0.3,3.5,1.0,True,1.0,1.0,1.0,True
RZE_cand_11539,0.5,6.0,11.3,2.9,0.3,3.7,1.0,True,1.0,0.9459459459,1.0,True
RZE_cand_11564,0.5,6.0,11.3,3.0,0.3,2.5,0.9,False,1.0,1.0,1.0,True
RZE_cand_11565,0.5,6.0,11.3,3.0,0.3,2.7,0.912,False,1.0,1.0,1.0,True
RZE_cand_11566,0.5,6.0,11.3,3.0,0.3,2.9,0.9504,False,1.0,1.0,1.0,True
RZE_cand_11567,0.5,6.0,11.3,3.0,0.3,3.1,1.0,True,1.0,1.0,1.0,True
RZE_cand_11568,0.5,6.0,11.3,3.0,0.3,3.3,1.0,True,1.0,1.0,1.0,True
RZE_cand_11569,0.5,6.0,11.3,3.0,0.3,3.5,1.0,True,1.0,1.0,1.0,True
RZE_cand_11570,0.5,6.0,11.3,3.0,0.3,3.7,1.0,True,1.0,0.9459459459,1.0,True
RZE_cand_11571,0.5,6.0,11.3,3.0,0.3,3.9,1.0,True,1.0,0.8974358974,1.0,True
RZE_cand_11595,0.5,6.0,11.3,3.1,0.3,2.5,0.9,False,1.0,1.0,1.0,True
RZE_cand_11596,0.5,6.0,11.3,3.1,0.3,2.7,0.912,False,1.0,1.0,1.0,True
RZE_cand_11597,0.5,6.0,11.3,3.1,0.3,2.9,0.9504,False,1.0,1.0,1.0,True
RZE_cand_11598,0.5,6.0,11.3,3.1,0.3,3.1,1.0,True,1.0,1.0,1.0,True
RZE_cand_11599,0.5,6.0,11.3,3.1,0.3,3.3,1.0,True,1.0,1.0,1.0,True
RZE_cand_11600,0.5,6.0,11.3,3.1,0.3,3.5,1.0,True,1.0,1.0,1.0,True
RZE_cand_11601,0.5,6.0,11.3,3.1,0.3,3.7,1.0,True,1.0,0.9459459459,1.0,True
RZE_cand_11602,0.5,6.0,11.3,3.1,0.3,3.9,1.0,True,1.0,0.8974358974,1.0,True
RZE_cand_11781,0.6,6.0,11.3,1.2,0.3,2.5,1.0,True,1.0,1.0,1.0,True
RZE_cand_11812,0.6,6.0,11.3,1.3,0.3,2.5,1.0,True,1.0,1.0,1.0,True
RZE_cand_11813,0.6,6.0,11.3,1.3,0.3,2.7,1.0,True,1.0,1.0,1.0,True
RZE_cand_11814,0.6,6.0,11.3,1.3,0.3,2.9,1.0,True,1.0,1.0,1.0,True
RZE_cand_11843,0.6,6.0,11.3,1.4,0.3,2.5,0.9375,False,1.0,1.0,1.0,True
RZE_cand_11844,0.6,6.0,11.3,1.4,0.3,2.7,0.9542857143,False,1.0,1.0,1.0,True
RZE_cand_11845,0.6,6.0,11.3,1.4,0.3,2.9,1.0,True,1.0,1.0,1.0,True
RZE_cand_11874,0.6,6.0,11.3,1.5,0.3,2.5,0.875,False,1.0,1.0,1.0,True
RZE_cand_11875,0.6,6.0,11.3,1.5,0.3,2.7,0.8906666667,False,1.0,1.0,1.0,True
RZE_cand_11876,0.6,6.0,11.3,1.5,0.3,2.9,0.9408,False,1.0,1.0,1.0,True
RZE_cand_11877,0.6,6.0,11.3,1.5,0.3,3.1,1.0,True,1.0,1.0,1.0,True
RZE_cand_11878,0.6,6.0,11.3,1.5,0.3,3.3,1.0,True,1.0,1.0,1.0,True
RZE_cand_11905,0.6,6.0,11.3,1.6,0.3,2.5,0.8203125,False,1.0,1.0,1.0,True
RZE_cand_11906,0.6,6.0,11.3,1.6,0.3,2.7,0.835,False,1.0,1.0,1.0,True
RZE_cand_11907,0.6,6.0,11.3,1.6,0.3,2.9,0.884438476,False,1.0,1.0,1.0,True
RZE_cand_11908,0.6,6.0,11.3,1.6,0.3,3.1,0.945434233,False,1.0,1.0,1.0,True
RZE_cand_11909,0.6,6.0,11.3,1.6,0.3,3.3,1.0,True,1.0,1.0,1.0,True
RZE_cand_11910,0.6,6.0,11.3,1.6,0.3,3.5,1.0,True,1.0,1.0,1.0,True
RZE_cand_11936,0.6,6.0,11.3,1.7,0.3,2.5,0.7720588235,False,1.0,1.0,1.0,True
RZE_cand_11937,0.6,6.0,11.3,1.7,0.3,2.7,0.7858823529,False,1.0,1.0,1.0,True
RZE_cand_11938,0.6,6.0,11.3,1.7,0.3,2.9,0.836642528,False,1.0,1.0,1.0,True
RZE_cand_11939,0.6,6.0,11.3,1.7,0.3,3.1,0.8943420127,False,1.0,1.0,1.0,True
RZE_cand_11940,0.6,6.0,11.3,1.7,0.3,3.3,0.9520414974,False,1.0,1.0,1.0,True
RZE_cand_11941,0.6,6.0,11.3,1.7,0.3,3.5,1.0,True,1.0,1.0,1.0,True
RZE_cand_11967,0.6,6.0,11.3,1.8,0.3,2.5,0.75,False,1.0,1.0,1.0,True
RZE_cand_11968,0.6,6.0,11.3,1.8,0.3,2.7,0.7634782609,False,1.0,1.0,1.0,True
RZE_cand_11969,0.6,6.0,11.3,1.8,0.3,2.9,0.8179628353,False,1.0,1.0,1.0,True
RZE_cand_11970,0.6,6.0,11.3,1.8,0.3,3.1,0.8743740653,False,1.0,1.0,1.0,True
RZE_cand_11971,0.6,6.0,11.3,1.8,0.3,3.3,0.9307852953,False,1.0,1.0,1.0,True
RZE_cand_11972,0.6,6.0,11.3,1.8,0.3,3.5,0.9871965253,False,1.0,1.0,1.0,True
RZE_cand_11973,0.6,6.0,11.3,1.8,0.3,3.7,1.0,True,1.0,1.0,1.0,True
RZE_cand_11998,0.6,6.0,11.3,1.9,0.3,2.5,0.75,False,1.0,1.0,1.0,True
RZE_cand_11999,0.6,6.0,11.3,1.9,0.3,2.7,0.76,False,1.0,1.0,1.0,True
RZE_cand_12000,0.6,6.0,11.3,1.9,0.3,2.9,0.8120948568,False,1.0,1.0,1.0,True
RZE_cand_12001,0.6,6.0,11.3,1.9,0.3,3.1,0.8681013987,False,1.0,1.0,1.0,True
RZE_cand_12002,0.6,6.0,11.3,1.9,0.3,3.3,0.9241079405,False,1.0,1.0,1.0,True
RZE_cand_12003,0.6,6.0,11.3,1.9,0.3,3.5,0.9801144824,False,1.0,1.0,1.0,True
RZE_cand_12004,0.6,6.0,11.3,1.9,0.3,3.7,1.0,True,1.0,1.0,1.0,True
RZE_cand_12005,0.6,6.0,11.3,1.9,0.3,3.9,1.0,True,1.0,1.0,1.0,True
RZE_cand_12029,0.6,6.0,11.3,2.0,0.3,2.5,0.75,False,1.0,1.0,1.0,True
RZE_cand_12030,0.6,6.0,11.3,2.0,0.3,2.7,0.76,False,1.0,1.0,1.0,True
RZE_cand_12031,0.6,6.0,11.3,2.0,0.3,2.9,0.8089260809,False,1.0,1.0,1.0,True
RZE_cand_12032,0.6,6.0,11.3,2.0,0.3,3.1,0.8647140865,False,1.0,1.0,1.0,True
RZE_cand_12033,0.6,6.0,11.3,2.0,0.3,3.3,0.9205020921,False,1.0,1.0,1.0,True
RZE_cand_12034,0.6,6.0,11.3,2.0,0.3,3.5,0.9762900976,False,1.0,1.0,1.0,True
RZE_cand_12035,0.6,6.0,11.3,2.0,0.3,3.7,1.0,True,1.0,1.0,1.0,True
RZE_cand_12036,0.6,6.0,11.3,2.0,0.3,3.9,1.0,True,1.0,1.0,1.0,True
RZE_cand_12060,0.6,6.0,11.3,2.1,0.3,2.5,0.75,False,1.0,1.0,1.0,True
RZE_cand_12061,0.6,6.0,11.3,2.1,0.3,2.7,0.76,False,1.0,1.0,1.0,True
RZE_cand_12062,0.6,6.0,11.3,2.1,0.3,2.9,0.8089260809,False,1.0,1.0,1.0,True
RZE_cand_12063,0.6,6.0,11.3,2.1,0.3,3.1,0.8647140865,False,1.0,1.0,1.0,True
RZE_cand_12064,0.6,6.0,11.3,2.1,0.3,3.3,0.9205020921,False,1.0,1.0,1.0,True
RZE_cand_12065,0.6,6.0,11.3,2.1,0.3,3.5,0.9762900976,False,1.0,1.0,1.0,True
RZE_cand_12066,0.6,6.0,11.3,2.1,0.3,3.7,1.0,True,1.0,1.0,1.0,True
RZE_cand_12067,0.6,6.0,11.3,2.1,0.3,3.9,1.0,True,1.0,1.0,1.0,True
RZE_cand_12091,0.6,6.0,11.3,2.2,0.3,2.5,0.75,False,1.0,1.0,1.0,True
RZE_cand_12092,0.6,6.0,11.3,2.2,0.3,2.7,0.76,False,1.0,1.0,1.0,True
RZE_cand_12093,0.6,6.0,11.3,2.2,0.3,2.9,0.8089260809,False,1.0,1.0,1.0,True
RZE_cand_12094,0.6,6.0,11.3,2.2,0.3,3.1,0.8647140865,False,1.0,1.0,1.0,True
RZE_cand_12095,0.6,6.0,11.3,2.2,0.3,3.3,0.9205020921,False,1.0,1.0,1.0,True
RZE_cand_12096,0.6,6.0,11.3,2.2,0.3,3.5,0.9762900976,False,1.0,1.0,1.0,True
RZE_cand_12097,0.6,6.0,11.3,2.2,0.3,3.7,1.0,True,1.0,1.0,1.0,True
RZE_cand_12098,0.6,6.0,11.3,2.2,0.3,3.9,1.0,True,1.0,1.0,1.0,True
RZE_cand_12122,0.6,6.0,11.3,2.3,0.3,2.5,0.75,False,1.0,1.0,1.0,True
RZE_cand_12123,0.6,6.0,11.3,2.3,0.3,2.7,0.76,False,1.0,1.0,1.0,True
RZE_cand_12124,0.6,6.0,11.3,2.3,0.3,2.9,0.8089260809,False,1.0,1.0,1.0,True
RZE_cand_12125,0.6,6.0,11.3,2.3,0.3,3.1,0.8647140865,False,1.0,1.0,1.0,True
RZE_cand_12126,0.6,6.0,11.3,2.3,0.3,3.3,0.9205020921,False,1.0,1.0,1.0,True
RZE_cand_12127,0.6,6.0,11.3,2.3,0.3,3.5,0.9762900976,False,1.0,1.0,1.0,True
RZE_cand_12128,0.6,6.0,11.3,2.3,0.3,3.7,1.0,True,1.0,1.0,1.0,True
RZE_cand_12129,0.6,6.0,11.3,2.3,0.3,3.9,1.0,True,1.0,1.0,1.0,True
RZE_cand_12153,0.6,6.0,11.3,2.4,0.3,2.5,0.75,False,1.0,1.0,1.0,True
RZE_cand_12154,0.6,6.0,11.3,2.4,0.3,2.7,0.76,False,1.0,1.0,1.0,True
RZE_cand_12155,0.6,6.0,11.3,2.4,0.3,2.9,0.8089260809,False,1.0,1.0,1.0,True
RZE_cand_12156,0.6,6.0,11.3,2.4,0.3,3.1,0.8647140865,False,1.0,1.0,1.0,True
RZE_cand_12157,0.6,6.0,11.3,2.4,0.3,3.3,0.9205020921,False,1.0,1.0,1.0,True
RZE_cand_12158,0.6,6.0,11.3,2.4,0.3,3.5,0.9762900976,False,1.0,1.0,1.0,True
RZE_cand_12159,0.6,6.0,11.3,2.4,0.3,3.7,1.0,True,1.0,1.0,1.0,True
RZE_cand_12160,0.6,6.0,11.3,2.4,0.3,3.9,1.0,True,1.0,1.0,1.0,True
RZE_cand_12184,0.6,6.0,11.3,2.5,0.3,2.5,0.75,False,1.0,1.0,1.0,True
RZE_cand_12185,0.6,6.0,11.3,2.5,0.3,2.7,0.76,False,1.0,1.0,1.0,True
RZE_cand_12186,0.6,6.0,11.3,2.5,0.3,2.9,0.8089260809,False,1.0,1.0,1.0,True
RZE_cand_12187,0.6,6.0,11.3,2.5,0.3,3.1,0.8647140865,False,1.0,1.0,1.0,True
RZE_cand_12188,0.6,6.0,11.3,2.5,0.3,3.3,0.9205020921,False,1.0,1.0,1.0,True
RZE_cand_12189,0.6,6.0,11.3,2.5,0.3,3.5,0.9762900976,False,1.0,1.0,1.0,True
RZE_cand_12190,0.6,6.0,11.3,2.5,0.3,3.7,1.0,True,1.0,1.0,1.0,True
RZE_cand_12191,0.6,6.0,11.3,2.5,0.3,3.9,1.0,True,1.0,1.0,1.0,True
RZE_cand_12215,0.6,6.0,11.3,2.6,0.3,2.5,0.75,False,1.0,1.0,1.0,True
RZE_cand_12216,0.6,6.0,11.3,2.6,0.3,2.7,0.76,False,1.0,1.0,1.0,True
RZE_cand_12217,0.6,6.0,11.3,2.6,0.3,2.9,0.8089260809,False,1.0,1.0,1.0,True
RZE_cand_12218,0.6,6.0,11.3,2.6,0.3,3.1,0.8647140865,False,1.0,1.0,1.0,True
RZE_cand_12219,0.6,6.0,11.3,2.6,0.3,3.3,0.9205020921,False,1.0,1.0,1.0,True
RZE_cand_12220,0.6,6.0,11.3,2.6,0.3,3.5,0.9762900976,False,1.0,1.0,1.0,True
RZE_cand_12221,0.6,6.0,11.3,2.6,0.3,3.7,1.0,True,1.0,1.0,1.0,True
RZE_cand_12222,0.6,6.0,11.3,2.6,0.3,3.9,1.0,True,1.0,1.0,1.0,True
RZE_cand_12246,0.6,6.0,11.3,2.7,0.3,2.5,0.75,False,1.0,1.0,1.0,True
RZE_cand_12247,0.6,6.0,11.3,2.7,0.3,2.7,0.76,False,1.0,1.0,1.0,True
RZE_cand_12248,0.6,6.0,11.3,2.7,0.3,2.9,0.8089260809,False,1.0,1.0,1.0,True
RZE_cand_12249,0.6,6.0,11.3,2.7,0.3,3.1,0.8647140865,False,1.0,1.0,1.0,True
RZE_cand_12250,0.6,6.0,11.3,2.7,0.3,3.3,0.9205020921,False,1.0,1.0,1.0,True
RZE_cand_12251,0.6,6.0,11.3,2.7,0.3,3.5,0.9762900976,False,1.0,1.0,1.0,True
RZE_cand_12252,0.6,6.0,11.3,2.7,0.3,3.7,1.0,True,1.0,1.0,1.0,True
RZE_cand_12253,0.6,6.0,11.3,2.7,0.3,3.9,1.0,True,1.0,1.0,1.0,True
RZE_cand_12277,0.6,6.0,11.3,2.8,0.3,2.5,0.75,False,1.0,1.0,1.0,True
RZE_cand_12278,0.6,6.0,11.3,2.8,0.3,2.7,0.76,False,1.0,1.0,1.0,True
RZE_cand_12279,0.6,6.0,11.3,2.8,0.3,2.9,0.8089260809,False,1.0,1.0,1.0,True
RZE_cand_12280,0.6,6.0,11.3,2.8,0.3,3.1,0.8647140865,False,1.0,1.0,1.0,True
RZE_cand_12281,0.6,6.0,11.3,2.8,0.3,3.3,0.9205020921,False,1.0,1.0,1.0,True
RZE_cand_12282,0.6,6.0,11.3,2.8,0.3,3.5,0.9762900976,False,1.0,1.0,1.0,True
RZE_cand_12283,0.6,6.0,11.3,2.8,0.3,3.7,1.0,True,1.0,1.0,1.0,True
RZE_cand_12284,0.6,6.0,11.3,2.8,0.3,3.9,1.0,True,1.0,1.0,1.0,True
RZE_cand_12308,0.6,6.0,11.3,2.9,0.3,2.5,0.75,False,1.0,1.0,1.0,True
RZE_cand_12309,0.6,6.0,11.3,2.9,0.3,2.7,0.76,False,1.0,1.0,1.0,True
RZE_cand_12310,0.6,6.0,11.3,2.9,0.3,2.9,0.8089260809,False,1.0,1.0,1.0,True
RZE_cand_12311,0.6,6.0,11.3,2.9,0.3,3.1,0.8647140865,False,1.0,1.0,1.0,True
RZE_cand_12312,0.6,6.0,11.3,2.9,0.3,3.3,0.9205020921,False,1.0,1.0,1.0,True
RZE_cand_12313,0.6,6.0,11.3,2.9,0.3,3.5,0.9762900976,False,1.0,1.0,1.0,True
RZE_cand_12314,0.6,6.0,11.3,2.9,0.3,3.7,1.0,True,1.0,1.0,1.0,True
RZE_cand_12315,0.6,6.0,11.3,2.9,0.3,3.9,1.0,True,1.0,1.0,1.0,True
RZE_cand_12339,0.6,6.0,11.3,3.0,0.3,2.5,0.75,False,1.0,1.0,1.0,True
RZE_cand_12340,0.6,6.0,11.3,3.0,0.3,2.7,0.76,False,1.0,1.0,1.0,True
RZE_cand_12341,0.6,6.0,11.3,3.0,0.3,2.9,0.8089260809,False,1.0,1.0,1.0,True
RZE_cand_12342,0.6,6.0,11.3,3.0,0.3,3.1,0.8647140865,False,1.0,1.0,1.0,True
RZE_cand_12343,0.6,6.0,11.3,3.0,0.3,3.3,0.9205020921,False,1.0,1.0,1.0,True
RZE_cand_12344,0.6,6.0,11.3,3.0,0.3,3.5,0.9762900976,False,1.0,1.0,1.0,True
RZE_cand_12345,0.6,6.0,11.3,3.0,0.3,3.7,1.0,True,1.0,1.0,1.0,True
RZE_cand_12346,0.6,6.0,11.3,3.0,0.3,3.9,1.0,True,1.0,1.0,1.0,True
RZE_cand_12370,0.6,6.0,11.3,3.1,0.3,2.5,0.75,False,1.0,1.0,1.0,True
RZE_cand_12371,0.6,6.0,11.3,3.1,0.3,2.7,0.76,False,1.0,1.0,1.0,True
RZE_cand_12372,0.6,6.0,11.3,3.1,0.3,2.9,0.8089260809,False,1.0,1.0,1.0,True
RZE_cand_12373,0.6,6.0,11.3,3.1,0.3,3.1,0.8647140865,False,1.0,1.0,1.0,True
RZE_cand_12374,0.6,6.0,11.3,3.1,0.3,3.3,0.9205020921,False,1.0,1.0,1.0,True
RZE_cand_12375,0.6,6.0,11.3,3.1,0.3,3.5,0.9762900976,False,1.0,1.0,1.0,True
RZE_cand_12376,0.6,6.0,11.3,3.1,0.3,3.7,1.0,True,1.0,1.0,1.0,True
RZE_cand_12377,0.6,6.0,11.3,3.1,0.3,3.9,1.0,True,1.0,1.0,1.0,True
RZE_cand_12378,0.6,6.0,11.3,3.1,0.3,4.1,1.0,True,1.0,1.0,1.0,True
RZE_cand_12556,0.7,6.0,11.3,1.2,0.3,2.5,1.0,True,1.0,1.0,1.0,True
RZE_cand_12587,0.7,6.0,11.3,1.3,0.3,2.5,1.0,True,1.0,1.0,1.0,True
RZE_cand_12588,0.7,6.0,11.3,1.3,0.3,2.7,1.0,True,1.0,1.0,1.0,True
RZE_cand_12618,0.7,6.0,11.3,1.4,0.3,2.5,0.9375,False,1.0,1.0,1.0,True
RZE_cand_12619,0.7,6.0,11.3,1.4,0.3,2.7,0.9542857143,False,1.0,1.0,1.0,True
RZE_cand_12620,0.7,6.0,11.3,1.4,0.3,2.9,1.0,True,1.0,1.0,1.0,True
RZE_cand_12649,0.7,6.0,11.3,1.5,0.3,2.5,0.875,False,1.0,1.0,1.0,True
RZE_cand_12651,0.7,6.0,11.3,1.5,0.3,2.9,0.9408,False,1.0,1.0,1.0,True
RZE_cand_12652,0.7,6.0,11.3,1.5,0.3,3.1,1.0,True,1.0,1.0,1.0,True
RZE_cand_12653,0.7,6.0,11.3,1.5,0.3,3.3,1.0,True,1.0,1.0,1.0,True
RZE_cand_12683,0.7,6.0,11.3,1.6,0.3,3.1,0.945434233,False,1.0,1.0,1.0,True
RZE_cand_12684,0.7,6.0,11.3,1.6,0.3,3.3,1.0,True,1.0,1.0,1.0,True
RZE_cand_12685,0.7,6.0,11.3,1.6,0.3,3.5,1.0,True,1.0,1.0,1.0,True
RZE_cand_12714,0.7,6.0,11.3,1.7,0.3,3.1,0.8943420127,False,1.0,1.0,1.0,True
RZE_cand_12715,0.7,6.0,11.3,1.7,0.3,3.3,0.9520414974,False,1.0,1.0,1.0,True
RZE_cand_12716,0.7,6.0,11.3,1.7,0.3,3.5,1.0,True,1.0,1.0,1.0,True
RZE_cand_12745,0.7,6.0,11.3,1.8,0.3,3.1,0.8484888204,False,1.0,1.0,1.0,True
RZE_cand_12746,0.7,6.0,11.3,1.8,0.3,3.3,0.9032300346,False,1.0,1.0,1.0,True
RZE_cand_12747,0.7,6.0,11.3,1.8,0.3,3.5,0.9579712489,False,1.0,1.0,1.0,True
RZE_cand_12748,0.7,6.0,11.3,1.8,0.3,3.7,1.0,True,1.0,1.0,1.0,True
RZE_cand_12776,0.7,6.0,11.3,1.9,0.3,3.1,0.8079009434,False,1.0,1.0,1.0,True
RZE_cand_12777,0.7,6.0,11.3,1.9,0.3,3.3,0.8600235849,False,1.0,1.0,1.0,True
RZE_cand_12778,0.7,6.0,11.3,1.9,0.3,3.5,0.9121462264,False,1.0,1.0,1.0,True
RZE_cand_12779,0.7,6.0,11.3,1.9,0.3,3.7,0.9642688679,False,1.0,1.0,1.0,True
RZE_cand_12780,0.7,6.0,11.3,1.9,0.3,3.9,1.0,True,1.0,1.0,1.0,True
RZE_cand_12807,0.7,6.0,11.3,2.0,0.3,3.1,0.7835703002,False,1.0,1.0,1.0,True
RZE_cand_12808,0.7,6.0,11.3,2.0,0.3,3.3,0.8341232227,False,1.0,1.0,1.0,True
RZE_cand_12809,0.7,6.0,11.3,2.0,0.3,3.5,0.8846761453,False,1.0,1.0,1.0,True
RZE_cand_12810,0.7,6.0,11.3,2.0,0.3,3.7,0.9352290679,False,1.0,1.0,1.0,True
RZE_cand_12811,0.7,6.0,11.3,2.0,0.3,3.9,0.9857819905,False,1.0,1.0,1.0,True
RZE_cand_12812,0.7,6.0,11.3,2.0,0.3,4.1,1.0,True,1.0,1.0,1.0,True
RZE_cand_12838,0.7,6.0,11.3,2.1,0.3,3.1,0.7835703002,False,1.0,1.0,1.0,True
RZE_cand_12839,0.7,6.0,11.3,2.1,0.3,3.3,0.8341232227,False,1.0,1.0,1.0,True
RZE_cand_12840,0.7,6.0,11.3,2.1,0.3,3.5,0.8846761453,False,1.0,1.0,1.0,True
RZE_cand_12841,0.7,6.0,11.3,2.1,0.3,3.7,0.9352290679,False,1.0,1.0,1.0,True
RZE_cand_12842,0.7,6.0,11.3,2.1,0.3,3.9,0.9857819905,False,1.0,1.0,1.0,True
RZE_cand_12843,0.7,6.0,11.3,2.1,0.3,4.1,1.0,True,1.0,1.0,1.0,True
RZE_cand_12869,0.7,6.0,11.3,2.2,0.3,3.1,0.7835703002,False,1.0,1.0,1.0,True
RZE_cand_12870,0.7,6.0,11.3,2.2,0.3,3.3,0.8341232227,False,1.0,1.0,1.0,True
RZE_cand_12871,0.7,6.0,11.3,2.2,0.3,3.5,0.8846761453,False,1.0,1.0,1.0,True
RZE_cand_12872,0.7,6.0,11.3,2.2,0.3,3.7,0.9352290679,False,1.0,1.0,1.0,True
RZE_cand_12873,0.7,6.0,11.3,2.2,0.3,3.9,0.9857819905,False,1.0,1.0,1.0,True
RZE_cand_12874,0.7,6.0,11.3,2.2,0.3,4.1,1.0,True,1.0,1.0,1.0,True
RZE_cand_12900,0.7,6.0,11.3,2.3,0.3,3.1,0.7835703002,False,1.0,1.0,1.0,True
RZE_cand_12901,0.7,6.0,11.3,2.3,0.3,3.3,0.8341232227,False,1.0,1.0,1.0,True
RZE_cand_12902,0.7,6.0,11.3,2.3,0.3,3.5,0.8846761453,False,1.0,1.0,1.0,True
RZE_cand_12903,0.7,6.0,11.3,2.3,0.3,3.7,0.9352290679,False,1.0,1.0,1.0,True
RZE_cand_12904,0.7,6.0,11.3,2.3,0.3,3.9,0.9857819905,False,1.0,1.0,1.0,True
RZE_cand_12905,0.7,6.0,11.3,2.3,0.3,4.1,1.0,True,1.0,1.0,1.0,True
RZE_cand_12931,0.7,6.0,11.3,2.4,0.3,3.1,0.7835703002,False,1.0,1.0,1.0,True
RZE_cand_12932,0.7,6.0,11.3,2.4,0.3,3.3,0.8341232227,False,1.0,1.0,1.0,True
RZE_cand_12933,0.7,6.0,11.3,2.4,0.3,3.5,0.8846761453,False,1.0,1.0,1.0,True
RZE_cand_12934,0.7,6.0,11.3,2.4,0.3,3.7,0.9352290679,False,1.0,1.0,1.0,True
RZE_cand_12935,0.7,6.0,11.3,2.4,0.3,3.9,0.9857819905,False,1.0,1.0,1.0,True
RZE_cand_12936,0.7,6.0,11.3,2.4,0.3,4.1,1.0,True,1.0,1.0,1.0,True
RZE_cand_12962,0.7,6.0,11.3,2.5,0.3,3.1,0.7835703002,False,1.0,1.0,1.0,True
RZE_cand_12963,0.7,6.0,11.3,2.5,0.3,3.3,0.8341232227,False,1.0,1.0,1.0,True
RZE_cand_12964,0.7,6.0,11.3,2.5,0.3,3.5,0.8846761453,False,1.0,1.0,1.0,True
RZE_cand_12965,0.7,6.0,11.3,2.5,0.3,3.7,0.9352290679,False,1.0,1.0,1.0,True
RZE_cand_12966,0.7,6.0,11.3,2.5,0.3,3.9,0.9857819905,False,1.0,1.0,1.0,True
RZE_cand_12967,0.7,6.0,11.3,2.5,0.3,4.1,1.0,True,1.0,1.0,1.0,True
RZE_cand_12993,0.7,6.0,11.3,2.6,0.3,3.1,0.7835703002,False,1.0,1.0,1.0,True
RZE_cand_12994,0.7,6.0,11.3,2.6,0.3,3.3,0.8341232227,False,1.0,1.0,1.0,True
RZE_cand_12995,0.7,6.0,11.3,2.6,0.3,3.5,0.8846761453,False,1.0,1.0,1.0,True
RZE_cand_12996,0.7,6.0,11.3,2.6,0.3,3.7,0.9352290679,False,1.0,1.0,1.0,True
RZE_cand_12997,0.7,6.0,11.3,2.6,0.3,3.9,0.9857819905,False,1.0,1.0,1.0,True
RZE_cand_12998,0.7,6.0,11.3,2.6,0.3,4.1,1.0,True,1.0,1.0,1.0,True
RZE_cand_13024,0.7,6.0,11.3,2.7,0.3,3.1,0.7835703002,False,1.0,1.0,1.0,True
RZE_cand_13025,0.7,6.0,11.3,2.7,0.3,3.3,0.8341232227,False,1.0,1.0,1.0,True
RZE_cand_13026,0.7,6.0,11.3,2.7,0.3,3.5,0.8846761453,False,1.0,1.0,1.0,True
RZE_cand_13027,0.7,6.0,11.3,2.7,0.3,3.7,0.9352290679,False,1.0,1.0,1.0,True
RZE_cand_13028,0.7,6.0,11.3,2.7,0.3,3.9,0.9857819905,False,1.0,1.0,1.0,True
RZE_cand_13029,0.7,6.0,11.3,2.7,0.3,4.1,1.0,True,1.0,1.0,1.0,True
RZE_cand_13055,0.7,6.0,11.3,2.8,0.3,3.1,0.7835703002,False,1.0,1.0,1.0,True
RZE_cand_13056,0.7,6.0,11.3,2.8,0.3,3.3,0.8341232227,False,1.0,1.0,1.0,True
RZE_cand_13057,0.7,6.0,11.3,2.8,0.3,3.5,0.8846761453,False,1.0,1.0,1.0,True
RZE_cand_13058,0.7,6.0,11.3,2.8,0.3,3.7,0.9352290679,False,1.0,1.0,1.0,True
RZE_cand_13059,0.7,6.0,11.3,2.8,0.3,3.9,0.9857819905,False,1.0,1.0,1.0,True
RZE_cand_13060,0.7,6.0,11.3,2.8,0.3,4.1,1.0,True,1.0,1.0,1.0,True
RZE_cand_13086,0.7,6.0,11.3,2.9,0.3,3.1,0.7835703002,False,1.0,1.0,1.0,True
RZE_cand_13087,0.7,6.0,11.3,2.9,0.3,3.3,0.8341232227,False,1.0,1.0,1.0,True
RZE_cand_13088,0.7,6.0,11.3,2.9,0.3,3.5,0.8846761453,False,1.0,1.0,1.0,True
RZE_cand_13089,0.7,6.0,11.3,2.9,0.3,3.7,0.9352290679,False,1.0,1.0,1.0,True
RZE_cand_13090,0.7,6.0,11.3,2.9,0.3,3.9,0.9857819905,False,1.0,1.0,1.0,True
RZE_cand_13091,0.7,6.0,11.3,2.9,0.3,4.1,1.0,True,1.0,1.0,1.0,True
RZE_cand_13117,0.7,6.0,11.3,3.0,0.3,3.1,0.7835703002,False,1.0,1.0,1.0,True
RZE_cand_13118,0.7,6.0,11.3,3.0,0.3,3.3,0.8341232227,False,1.0,1.0,1.0,True
RZE_cand_13119,0.7,6.0,11.3,3.0,0.3,3.5,0.8846761453,False,1.0,1.0,1.0,True
RZE_cand_13120,0.7,6.0,11.3,3.0,0.3,3.7,0.9352290679,False,1.0,1.0,1.0,True
RZE_cand_13121,0.7,6.0,11.3,3.0,0.3,3.9,0.9857819905,False,1.0,1.0,1.0,True
RZE_cand_13122,0.7,6.0,11.3,3.0,0.3,4.1,1.0,True,1.0,1.0,1.0,True
RZE_cand_13148,0.7,6.0,11.3,3.1,0.3,3.1,0.7835703002,False,1.0,1.0,1.0,True
RZE_cand_13149,0.7,6.0,11.3,3.1,0.3,3.3,0.8341232227,False,1.0,1.0,1.0,True
RZE_cand_13150,0.7,6.0,11.3,3.1,0.3,3.5,0.8846761453,False,1.0,1.0,1.0,True
RZE_cand_13151,0.7,6.0,11.3,3.1,0.3,3.7,0.9352290679,False,1.0,1.0,1.0,True
RZE_cand_13152,0.7,6.0,11.3,3.1,0.3,3.9,0.9857819905,False,1.0,1.0,1.0,True
RZE_cand_13153,0.7,6.0,11.3,3.1,0.3,4.1,1.0,True,1.0,1.0,1.0,True
RZE_cand_13331,0.8,6.0,11.3,1.2,0.3,2.5,1.0,True,1.0,1.0,1.0,True
RZE_cand_13332,0.8,6.0,11.3,1.2,0.3,2.7,1.0,True,1.0,1.0,1.0,True
RZE_cand_13362,0.8,6.0,11.3,1.3,0.3,2.5,1.0,True,1.0,1.0,1.0,True
RZE_cand_13363,0.8,6.0,11.3,1.3,0.3,2.7,1.0,True,1.0,1.0,1.0,True
RZE_cand_13364,0.8,6.0,11.3,1.3,0.3,2.9,1.0,True,1.0,1.0,1.0,True
RZE_cand_13393,0.8,6.0,11.3,1.4,0.3,2.5,0.9375,False,1.0,1.0,1.0,True
RZE_cand_13394,0.8,6.0,11.3,1.4,0.3,2.7,0.9542857143,False,1.0,1.0,1.0,True
RZE_cand_13395,0.8,6.0,11.3,1.4,0.3,2.9,1.0,True,1.0,1.0,1.0,True
RZE_cand_13424,0.8,6.0,11.3,1.5,0.3,2.5,0.875,False,1.0,1.0,1.0,True
RZE_cand_13425,0.8,6.0,11.3,1.5,0.3,2.7,0.8906666667,False,1.0,1.0,1.0,True
RZE_cand_13426,0.8,6.0,11.3,1.5,0.3,2.9,0.9408,False,1.0,1.0,1.0,True
RZE_cand_13427,0.8,6.0,11.3,1.5,0.3,3.1,1.0,True,1.0,1.0,1.0,True
RZE_cand_13428,0.8,6.0,11.3,1.5,0.3,3.3,1.0,True,1.0,1.0,1.0,True
RZE_cand_13458,0.8,6.0,11.3,1.6,0.3,3.1,0.945434233,False,1.0,1.0,1.0,True
RZE_cand_13459,0.8,6.0,11.3,1.6,0.3,3.3,1.0,True,1.0,1.0,1.0,True
RZE_cand_13460,0.8,6.0,11.3,1.6,0.3,3.5,1.0,True,1.0,1.0,1.0,True
RZE_cand_13489,0.8,6.0,11.3,1.7,0.3,3.1,0.8943420127,False,1.0,1.0,1.0,True
RZE_cand_13490,0.8,6.0,11.3,1.7,0.3,3.3,0.9520414974,False,1.0,1.0,1.0,True
RZE_cand_13491,0.8,6.0,11.3,1.7,0.3,3.5,1.0,True,1.0,1.0,1.0,True
RZE_cand_13492,0.8,6.0,11.3,1.7,0.3,3.7,1.0,True,1.0,1.0,1.0,True
RZE_cand_13521,0.8,6.0,11.3,1.8,0.3,3.3,0.9032300346,False,1.0,1.0,1.0,True
RZE_cand_13522,0.8,6.0,11.3,1.8,0.3,3.5,0.9579712489,False,1.0,1.0,1.0,True
RZE_cand_13523,0.8,6.0,11.3,1.8,0.3,3.7,1.0,True,1.0,1.0,1.0,True
RZE_cand_13553,0.8,6.0,11.3,1.9,0.3,3.5,0.9121462264,False,1.0,1.0,1.0,True
RZE_cand_13554,0.8,6.0,11.3,1.9,0.3,3.7,0.9642688679,False,1.0,1.0,1.0,True
RZE_cand_13555,0.8,6.0,11.3,1.9,0.3,3.9,1.0,True,1.0,1.0,1.0,True
RZE_cand_13585,0.8,6.0,11.3,2.0,0.3,3.7,0.9352290679,False,1.0,1.0,1.0,True
RZE_cand_13586,0.8,6.0,11.3,2.0,0.3,3.9,0.9857819905,False,1.0,1.0,1.0,True
RZE_cand_13587,0.8,6.0,11.3,2.0,0.3,4.1,1.0,True,1.0,1.0,1.0,True
RZE_cand_13616,0.8,6.0,11.3,2.1,0.3,3.7,0.9352290679,False,1.0,1.0,1.0,True
RZE_cand_13617,0.8,6.0,11.3,2.1,0.3,3.9,0.9857819905,False,1.0,1.0,1.0,True
RZE_cand_13618,0.8,6.0,11.3,2.1,0.3,4.1,1.0,True,1.0,1.0,1.0,True
RZE_cand_13647,0.8,6.0,11.3,2.2,0.3,3.7,0.9352290679,False,1.0,1.0,1.0,True
RZE_cand_13648,0.8,6.0,11.3,2.2,0.3,3.9,0.9857819905,False,1.0,1.0,1.0,True
RZE_cand_13649,0.8,6.0,11.3,2.2,0.3,4.1,1.0,True,1.0,1.0,1.0,True
RZE_cand_13678,0.8,6.0,11.3,2.3,0.3,3.7,0.9352290679,False,1.0,1.0,1.0,True
RZE_cand_13679,0.8,6.0,11.3,2.3,0.3,3.9,0.9857819905,False,1.0,1.0,1.0,True
RZE_cand_13680,0.8,6.0,11.3,2.3,0.3,4.1,1.0,True,1.0,1.0,1.0,True
RZE_cand_13709,0.8,6.0,11.3,2.4,0.3,3.7,0.9352290679,False,1.0,1.0,1.0,True
RZE_cand_13710,0.8,6.0,11.3,2.4,0.3,3.9,0.9857819905,False,1.0,1.0,1.0,True
RZE_cand_13711,0.8,6.0,11.3,2.4,0.3,4.1,1.0,True,1.0,1.0,1.0,True
RZE_cand_13740,0.8,6.0,11.3,2.5,0.3,3.7,0.9352290679,False,1.0,1.0,1.0,True
RZE_cand_13741,0.8,6.0,11.3,2.5,0.3,3.9,0.9857819905,False,1.0,1.0,1.0,True
RZE_cand_13742,0.8,6.0,11.3,2.5,0.3,4.1,1.0,True,1.0,1.0,1.0,True
RZE_cand_13771,0.8,6.0,11.3,2.6,0.3,3.7,0.9352290679,False,1.0,1.0,1.0,True
RZE_cand_13772,0.8,6.0,11.3,2.6,0.3,3.9,0.9857819905,False,1.0,1.0,1.0,True
RZE_cand_13773,0.8,6.0,11.3,2.6,0.3,4.1,1.0,True,1.0,1.0,1.0,True
RZE_cand_13802,0.8,6.0,11.3,2.7,0.3,3.7,0.9352290679,False,1.0,1.0,1.0,True
RZE_cand_13803,0.8,6.0,11.3,2.7,0.3,3.9,0.9857819905,False,1.0,1.0,1.0,True
RZE_cand_13804,0.8,6.0,11.3,2.7,0.3,4.1,1.0,True,1.0,1.0,1.0,True
RZE_cand_13833,0.8,6.0,11.3,2.8,0.3,3.7,0.9352290679,False,1.0,1.0,1.0,True
RZE_cand_13834,0.8,6.0,11.3,2.8,0.3,3.9,0.9857819905,False,1.0,1.0,1.0,True
RZE_cand_13835,0.8,6.0,11.3,2.8,0.3,4.1,1.0,True,1.0,1.0,1.0,True
RZE_cand_13864,0.8,6.0,11.3,2.9,0.3,3.7,0.9352290679,False,1.0,1.0,1.0,True
RZE_cand_13865,0.8,6.0,11.3,2.9,0.3,3.9,0.9857819905,False,1.0,1.0,1.0,True
RZE_cand_13866,0.8,6.0,11.3,2.9,0.3,4.1,1.0,True,1.0,1.0,1.0,True
RZE_cand_13895,0.8,6.0,11.3,3.0,0.3,3.7,0.9352290679,False,1.0,1.0,1.0,True
RZE_cand_13896,0.8,6.0,11.3,3.0,0.3,3.9,0.9857819905,False,1.0,1.0,1.0,True
RZE_cand_13897,0.8,6.0,11.3,3.0,0.3,4.1,1.0,True,1.0,1.0,1.0,True
RZE_cand_13926,0.8,6.0,11.3,3.1,0.3,3.7,0.9352290679,False,1.0,1.0,1.0,True
RZE_cand_13927,0.8,6.0,11.3,3.1,0.3,3.9,0.9857819905,False,1.0,1.0,1.0,True
RZE_cand_13928,0.8,6.0,11.3,3.1,0.3,4.1,1.0,True,1.0,1.0,1.0,True
RZE_cand_14106,0.9,6.0,11.3,1.2,0.3,2.5,1.0,True,1.0,1.0,1.0,True
RZE_cand_14107,0.9,6.0,11.3,1.2,0.3,2.7,1.0,True,1.0,1.0,1.0,True
RZE_cand_14137,0.9,6.0,11.3,1.3,0.3,2.5,1.0,True,1.0,1.0,1.0,True
RZE_cand_14138,0.9,6.0,11.3,1.3,0.3,2.7,1.0,True,1.0,1.0,1.0,True
RZE_cand_14139,0.9,6.0,11.3,1.3,0.3,2.9,1.0,True,1.0,1.0,1.0,True
RZE_cand_14168,0.9,6.0,11.3,1.4,0.3,2.5,0.9375,False,1.0,1.0,1.0,True
RZE_cand_14169,0.9,6.0,11.3,1.4,0.3,2.7,0.9542857143,False,1.0,1.0,1.0,True
RZE_cand_14170,0.9,6.0,11.3,1.4,0.3,2.9,1.0,True,1.0,1.0,1.0,True
RZE_cand_14171,0.9,6.0,11.3,1.4,0.3,3.1,1.0,True,1.0,1.0,1.0,True
RZE_cand_14199,0.9,6.0,11.3,1.5,0.3,2.5,0.875,False,1.0,1.0,1.0,True
RZE_cand_14200,0.9,6.0,11.3,1.5,0.3,2.7,0.8906666667,False,1.0,1.0,1.0,True
RZE_cand_14201,0.9,6.0,11.3,1.5,0.3,2.9,0.9408,False,1.0,1.0,1.0,True
RZE_cand_14202,0.9,6.0,11.3,1.5,0.3,3.1,1.0,True,1.0,1.0,1.0,True
RZE_cand_14203,0.9,6.0,11.3,1.5,0.3,3.3,1.0,True,1.0,1.0,1.0,True
RZE_cand_14232,0.9,6.0,11.3,1.6,0.3,2.9,0.884438476,False,1.0,1.0,1.0,True
RZE_cand_14233,0.9,6.0,11.3,1.6,0.3,3.1,0.945434233,False,1.0,1.0,1.0,True
RZE_cand_14234,0.9,6.0,11.3,1.6,0.3,3.3,1.0,True,1.0,1.0,1.0,True
RZE_cand_14235,0.9,6.0,11.3,1.6,0.3,3.5,1.0,True,1.0,1.0,1.0,True
RZE_cand_14264,0.9,6.0,11.3,1.7,0.3,3.1,0.8943420127,False,1.0,1.0,1.0,True
RZE_cand_14265,0.9,6.0,11.3,1.7,0.3,3.3,0.9520414974,False,1.0,1.0,1.0,True
RZE_cand_14266,0.9,6.0,11.3,1.7,0.3,3.5,1.0,True,1.0,1.0,1.0,True
RZE_cand_14267,0.9,6.0,11.3,1.7,0.3,3.7,1.0,True,1.0,1.0,1.0,True
RZE_cand_14296,0.9,6.0,11.3,1.8,0.3,3.3,0.9032300346,False,1.0,1.0,1.0,True
RZE_cand_14297,0.9,6.0,11.3,1.8,0.3,3.5,0.9579712489,False,1.0,1.0,1.0,True
RZE_cand_14298,0.9,6.0,11.3,1.8,0.3,3.7,1.0,True,1.0,1.0,1.0,True
RZE_cand_14299,0.9,6.0,11.3,1.8,0.3,3.9,1.0,True,1.0,1.0,1.0,True
RZE_cand_14328,0.9,6.0,11.3,1.9,0.3,3.5,0.9121462264,False,1.0,1.0,1.0,True
RZE_cand_14329,0.9,6.0,11.3,1.9,0.3,3.7,0.9642688679,False,1.0,1.0,1.0,True
RZE_cand_14330,0.9,6.0,11.3,1.9,0.3,3.9,1.0,True,1.0,1.0,1.0,True
RZE_cand_14360,0.9,6.0,11.3,2.0,0.3,3.7,0.9352290679,False,1.0,1.0,1.0,True
RZE_cand_14361,0.9,6.0,11.3,2.0,0.3,3.9,0.9857819905,False,1.0,1.0,1.0,True
RZE_cand_14362,0.9,6.0,11.3,2.0,0.3,4.1,1.0,True,1.0,1.0,1.0,True
RZE_cand_14392,0.9,6.0,11.3,2.1,0.3,3.9,0.9857819905,False,1.0,1.0,1.0,True
RZE_cand_14393,0.9,6.0,11.3,2.1,0.3,4.1,1.0,True,1.0,1.0,1.0,True
RZE_cand_14423,0.9,6.0,11.3,2.2,0.3,3.9,0.9857819905,False,1.0,1.0,1.0,True
RZE_cand_14424,0.9,6.0,11.3,2.2,0.3,4.1,1.0,True,1.0,1.0,1.0,True
RZE_cand_14454,0.9,6.0,11.3,2.3,0.3,3.9,0.9857819905,False,1.0,1.0,1.0,True
RZE_cand_14455,0.9,6.0,11.3,2.3,0.3,4.1,1.0,True,1.0,1.0,1.0,True
RZE_cand_14485,0.9,6.0,11.3,2.4,0.3,3.9,0.9857819905,False,1.0,1.0,1.0,True
RZE_cand_14486,0.9,6.0,11.3,2.4,0.3,4.1,1.0,True,1.0,1.0,1.0,True
RZE_cand_14516,0.9,6.0,11.3,2.5,0.3,3.9,0.9857819905,False,1.0,1.0,1.0,True
RZE_cand_14517,0.9,6.0,11.3,2.5,0.3,4.1,1.0,True,1.0,1.0,1.0,True
RZE_cand_14547,0.9,6.0,11.3,2.6,0.3,3.9,0.9857819905,False,1.0,1.0,1.0,True
RZE_cand_14548,0.9,6.0,11.3,2.6,0.3,4.1,1.0,True,1.0,1.0,1.0,True
RZE_cand_14578,0.9,6.0,11.3,2.7,0.3,3.9,0.9857819905,False,1.0,1.0,1.0,True
RZE_cand_14579,0.9,6.0,11.3,2.7,0.3,4.1,1.0,True,1.0,1.0,1.0,True
RZE_cand_14609,0.9,6.0,11.3,2.8,0.3,3.9,0.9857819905,False,1.0,1.0,1.0,True
RZE_cand_14610,0.9,6.0,11.3,2.8,0.3,4.1,1.0,True,1.0,1.0,1.0,True
RZE_cand_14640,0.9,6.0,11.3,2.9,0.3,3.9,0.9857819905,False,1.0,1.0,1.0,True
RZE_cand_14641,0.9,6.0,11.3,2.9,0.3,4.1,1.0,True,1.0,1.0,1.0,True
RZE_cand_14671,0.9,6.0,11.3,3.0,0.3,3.9,0.9857819905,False,1.0,1.0,1.0,True
RZE_cand_14672,0.9,6.0,11.3,3.0,0.3,4.1,1.0,True,1.0,1.0,1.0,True
RZE_cand_14702,0.9,6.0,11.3,3.1,0.3,3.9,0.9857819905,False,1.0,1.0,1.0,True
RZE_cand_14703,0.9,6.0,11.3,3.1,0.3,4.1,1.0,True,1.0,1.0,1.0,True
